{"stats":{"minecraft:dropped":{"minecraft:dead_fire_coral_fan":1,"minecraft:dead_bubble_coral_fan":1,"minecraft:dead_horn_coral_fan":1,"minecraft:dead_brain_coral":1,"minecraft:dead_tube_coral_fan":1,"minecraft:dead_horn_coral":1,"minecraft:dead_bubble_coral":1,"minecraft:dead_tube_coral":1,"minecraft:dead_brain_coral_fan":1,"minecraft:dead_fire_coral":1},"minecraft:picked_up":{"minecraft:dead_horn_coral":1,"minecraft:dead_fire_coral":1,"minecraft:dead_tube_coral_fan":1,"minecraft:dead_horn_coral_fan":1,"minecraft:wheat_seeds":2,"minecraft:dead_bubble_coral_fan":1,"minecraft:dead_tube_coral":1,"minecraft:dead_brain_coral_fan":1,"minecraft:dead_fire_coral_fan":1,"minecraft:dead_brain_coral":1,"minecraft:dead_bubble_coral":1},"minecraft:used":{"minecraft:pale_oak_leaves":714,"minecraft:pale_hanging_moss":318,"minecraft:pale_oak_stairs":1,"minecraft:orange_wool":198,"minecraft:pale_oak_wood":343,"minecraft:pale_oak_slab":27,"minecraft:pearlescent_froglight":1,"minecraft:stone":5,"minecraft:resin_clump":99,"minecraft:pale_oak_fence":56,"minecraft:creaking_heart":10},"minecraft:custom":{"minecraft:time_since_rest":152525,"minecraft:crouch_one_cm":615,"minecraft:play_time":152525,"minecraft:sprint_one_cm":2169,"minecraft:walk_one_cm":25569,"minecraft:sneak_time":7889,"minecraft:drop":10,"minecraft:jump":73,"minecraft:leave_game":16,"minecraft:time_since_death":152525,"minecraft:total_world_time":430769,"minecraft:fly_one_cm":1432655}},"DataVersion":4189}